Id,FirstName,LastName
003Dn000008lwJLIAY,Rose,Example
003Dn000008lwJMIAY,Sean,Jones
003Dn000008lwJNIAY,Jack,Jones
003Dn000008lwJQIAY,Tim,Barr
003Dn000008lwJRIAY,John,Bond
003Dn000008lwJSIAY,Stella,Pavlova
003Dn000008lwJTIAY,Lauren,Boyle
003Dn000008lwJUIAY,Josh,Davis
003Dn000008lwJVIAY,Jane,Grey
003Dn000008lwJXIAY,Avi,Green
003Dn000008lwJYIAY,Babara,Levy
003Dn000008lwJZIAY,Ashley,James
003Dn000008lwJaIAI,Tom,Ripley
003Dn000008lwJbIAI,Liz,D'Cruz
003Dn000008lwJcIAI,Edna,Frank
003Dn00000ozTgiIAE,John,Jones
003Dn00000ozTgjIAE,Steve,Rogers
003Dn00000s1ZvtIAE,,Grimm
003Dn00000srbZ1IAI,,NewLastName
003Dn00000srsfTIAQ,,Grimm
003Dn00000srtA8IAI,Tony,Stark
003Dn00000srtA9IAI,Steve,Rogers
003Dn00000srtAAIAY,Bruce,Banner
003Dn00000srtABIAY,Natasha,Romanoff
003Dn00000srtW8IAI,,Barton
003Dn00000srtWDIAY,,Romanoff
003Dn00000srtWIIAY,,Barton
003Dn00000srtWNIAY,,Romanoff
003Dn00000srtWSIAY,,Barton
003Dn00000srtWXIAY,,Romanoff
003Dn00000srtYJIAY,,Romanoff
003Dn00000srtZ2IAI,,NewLastName
003Dn00000srtayIAA,Carol,Danvers
003Dn00000srtazIAA,Wanda,Maximoff
003Dn00000srtnQIAQ,,Romanoff
003Dn00000srto9IAA,,Romanoff
003Dn00000xFFQjIAO,,Lang
003Dn00000xFFQkIAO,,Van Dyne
003Dn00000xFFV5IAO,,Lang
003Dn00000xFFV6IAO,,Van Dyne
003Dn00000xFGCEIA4,,Lang
003Dn00000xFGCFIA4,,Van Dyne
003Dn00000xFGCGIA4,,Lang
003Dn00000xFGCHIA4,,Van Dyne
003Dn00000xFGCIIA4,,Lang
003Dn00000xFGCJIA4,,Van Dyne
003Dn00000xFGCKIA4,,Lang
003Dn00000xFGCLIA4,,Van Dyne
003Dn00000xFGCMIA4,,Lang
003Dn00000xFGCNIA4,,Van Dyne
003Dn00000xFGCOIA4,,Lang
003Dn00000xFGCPIA4,,Van Dyne
003Dn00000xFGFjIAO,,Lang
003Dn00000xFGFkIAO,,Van Dyne
003Dn00000xFGIdIAO,,Lang
003Dn00000xFGIeIAO,,Van Dyne
003Dn00000xFGJ7IAO,,Lang
003Dn00000xFGJ8IAO,,Van Dyne
003Dn00000xFGJWIA4,,Lang
003Dn00000xFGJXIA4,,Van Dyne
003Dn00000xFGMGIA4,,Lang
003Dn00000xFGMHIA4,,Van Dyne
003Dn00000xFGMkIAO,,Test
003Dn00000xFGMlIAO,,Another Test
003Dn00000xFGrgIAG,,Parker
003Dn00000xFGrhIAG,,Murdock
003Dn00000xFGtvIAG,,Test
003Dn00000xFGtwIAG,,Another Test
003Dn00000xFH3iIAG,,Test
003Dn00000xFH3jIAG,,Another Test
003Dn00000xFH3sIAG,,Test
003Dn00000xFH3tIAG,,Another Test
003Dn00000xFH4bIAG,,Test
003Dn00000xFH4cIAG,,Another Test
003Dn00000xFH5AIAW,,Test
003Dn00000xFH5BIAW,,Another Test
003Dn00000xFH5FIAW,,Parker
003Dn00000xFH5GIAW,,Murdock
003Dn00000xFH5KIAW,,Test
003Dn00000xFH5LIAW,,Another Test
003Dn00000xFH5PIAW,,Parker
003Dn00000xFH5QIAW,,Murdock
003Dn00000z9Ys5IAE,,Lang
003Dn00000z9Ys6IAE,,Van Dyne
003Dn00000z9YsKIAU,,Lang
003Dn00000z9YsLIAU,,Van Dyne
003Dn0000104ZBkIAM,,Banner
003Dn0000104ZBzIAM,,Fury
003Dn0000104ZC0IAM,,Odinson
003Dn0000104ZC4IAM,,Pym
003Dn0000104ZC9IAM,,Fury
003Dn0000104ZCAIA2,,Odinson
003Dn0000104ZCFIA2,,Pym
003Dn0000104ZCJIA2,,Richards
003Dn0000104ZCKIA2,,Storm
